Customer Number,total_bookings,reserved_meter,loaded_meter,reliability_score
C00001,41,528.1,417.6,0.790759325885249
C00002,51,708.3,150.1,0.2119158548637583
C00003,48,677.9,477.3,0.704086148399469
C00004,40,556.5,460.9,0.8282120395327942
C00005,50,672.1,433.8,0.6454396667162624
C00006,48,683.7,467.6,0.6839256984057335
C00007,48,661.4,506.1,0.7651950408224978
C00008,47,700.6,518.5,0.7400799314872966
C00009,53,752.6,426.5,0.5667020993887856
C00010,50,747.8,453.6,0.6065792992778819
C00011,51,718.0,480.6,0.6693593314763232
C00012,51,712.3,459.4,0.6449529692545276
C00013,52,723.6,517.8,0.7155887230514095
C00014,33,477.8,284.0,0.594390958560067
C00015,55,751.7,353.2,0.46986829852334705
C00016,60,776.8,449.1,0.5781410916580845
C00017,55,792.2,430.1,0.5429184549356223
C00018,54,736.8,482.5,0.6548588490770901
C00019,58,769.3,357.6,0.46483816456518917
C00020,56,759.5,611.3,0.8048716260697827
C00021,54,751.4,134.7,0.1792653713068938
C00022,44,570.6,383.6,0.6722747984577637
C00023,57,824.2,596.5,0.7237321038582868
C00024,42,569.1,375.2,0.6592865928659286
C00025,53,734.3,186.7,0.25425575377910936
C00026,53,690.3,516.3,0.74793568013907
C00027,45,608.8,429.3,0.7051576872536137
C00028,63,877.3,634.9,0.7236977088795167
C00029,49,687.9,302.4,0.43959877889228083
C00030,53,775.6,419.1,0.5403558535327488
C00031,48,664.8,433.1,0.6514741275571602
C00032,47,680.5,377.1,0.5541513592946363
C00033,52,730.4,276.3,0.3782858707557503
C00034,55,770.9,609.4,0.7905046050071345
C00035,45,602.8,376.8,0.6250829462508295
C00036,48,695.9,400.9,0.5760885184652967
C00037,51,721.2,360.0,0.4991680532445923
C00038,46,619.6,521.0,0.8408650742414461
C00039,42,577.2,336.7,0.5833333333333333
C00040,59,804.0,333.8,0.41517412935323383
C00041,49,653.4,417.1,0.6383532292623202
C00042,48,640.6,338.3,0.5280986575085856
C00043,52,758.9,637.2,0.8396363157201213
C00044,34,503.6,375.4,0.7454328832406671
C00045,46,605.4,141.4,0.23356458539808392
C00046,48,722.1,363.3,0.5031159119235563
C00047,36,539.3,276.7,0.5130725013906916
C00048,47,688.9,387.6,0.5626360865147337
C00049,55,778.9,298.1,0.38271921941199133
C00050,57,763.0,146.7,0.19226736566186106
C00051,47,659.5,111.39999999999999,0.16891584533737677
C00052,51,689.0,147.8,0.2145137880986938
C00053,52,667.1,442.4,0.6631689401888772
C00054,55,790.9,594.3,0.7514224301428751
C00055,47,648.1,348.8,0.5381885511495139
C00056,46,601.6999999999999,232.5,0.3864051853082932
C00057,68,912.7,548.6,0.6010737372630657
C00058,42,574.6,106.2,0.18482422554820743
C00059,52,744.5,450.4,0.6049697783747481
C00060,68,980.4,495.4,0.5053039575683395
C00061,50,694.5,415.2,0.5978401727861771
C00062,56,778.6,568.5,0.7301566914975597
C00063,55,761.6,335.1,0.43999474789915966
C00064,49,675.1,497.4,0.7367797363353576
C00065,38,557.0,337.7,0.6062836624775584
C00066,48,646.1,500.8,0.77511221173193
C00067,57,787.6,533.3,0.6771203656678516
C00068,51,722.4,391.2,0.5415282392026578
C00069,47,651.7,333.1,0.5111247506521406
C00070,48,689.3,558.3,0.8099521253445524
C00071,43,611.9,288.4,0.47131884294819415
C00072,53,787.2,573.2,0.728150406504065
C00073,49,685.0,173.4,0.25313868613138685
C00074,41,571.5,404.0,0.7069116360454943
C00075,46,682.1,484.6,0.710453012754728
C00076,54,776.8,245.5,0.3160401647785788
C00077,48,673.7,102.30000000000001,0.1518480035624165
C00078,54,730.8,468.59999999999997,0.641215106732348
C00079,41,573.5,317.2,0.5530950305143854
C00080,51,683.1,175.9,0.25750256185038795
C00081,55,750.7,459.8,0.6124950046623151
C00082,49,672.9,449.8,0.6684499925694755
C00083,41,579.6,351.3,0.6061076604554866
C00084,50,722.1,151.3,0.20952776623736324
C00085,42,565.5,180.1,0.3184792219274978
C00086,50,700.9,496.09999999999997,0.707804251676416
C00087,52,781.6,109.5,0.14009723643807573
C00088,59,829.6,611.1,0.7366200578592093
C00089,50,670.2,301.9,0.4504625484929871
C00090,44,621.6999999999999,150.4,0.24191732346791062
C00091,45,620.8,460.3,0.7414626288659795
C00092,57,828.9,628.7,0.7584750874653156
C00093,50,665.5,132.6,0.1992486851990984
C00094,53,761.8000000000001,549.9,0.7218430034129691
C00095,51,692.7,258.1,0.37259997112747223
C00096,52,715.5,272.8,0.3812718378756115
C00097,53,740.3,396.5,0.535593678238552
C00098,47,647.5,218.5,0.33745173745173745
C00099,36,504.4,383.5,0.7603092783505155
C00100,45,610.6,428.8,0.7022600720602685
C00101,37,479.40000000000003,368.9,0.7695035460992907
C00102,43,591.1,469.6,0.7944510235154796
C00103,74,1000.1,770.2,0.7701229877012299
C00104,43,586.5,234.6,0.39999999999999997
C00105,68,934.0,666.5,0.7135974304068522
C00106,49,685.3,476.4,0.6951699985407851
C00107,45,612.5,361.6,0.5903673469387756
C00108,45,649.8,425.5,0.6548168667282241
C00109,50,691.1,435.4,0.6300101287802055
C00110,54,755.0,568.3,0.7527152317880794
C00111,57,829.5,634.9,0.7654008438818565
C00112,51,685.6,473.2,0.690198366394399
C00113,52,716.1,514.1,0.7179164921100405
C00114,45,591.4,358.1,0.6055123435914779
C00115,51,669.6,398.6,0.5952807646356033
C00116,51,710.4,336.9,0.47423986486486486
C00117,64,908.1,713.2,0.7853760599052968
C00118,38,541.9,462.2,0.852924893891862
C00119,40,508.3,415.8,0.8180208538264804
C00120,52,701.8,381.7,0.5438871473354232
C00121,46,632.6,408.5,0.6457477078722731
C00122,56,790.3,259.7,0.32860938883968116
C00123,38,546.5,246.1,0.45032021957914
C00124,47,757.4,580.6,0.7665698442038553
C00125,45,574.8,455.5,0.7924495476687544
C00126,56,790.6,591.4,0.7480394636984569
C00127,49,686.9,453.90000000000003,0.6607948755277334
C00128,55,772.2,154.2,0.19968919968919965
C00129,54,702.9,433.6,0.6168729549011239
C00130,46,663.9,390.5,0.5881909926193704
C00131,47,646.1,454.3,0.7031419284940411
C00132,44,650.4,493.5,0.7587638376383764
C00133,41,549.6,379.4,0.690320232896652
C00134,50,688.6,502.1,0.7291606157420853
C00135,55,730.4,433.1,0.5929627601314349
C00136,54,756.0,352.6,0.46640211640211643
C00137,53,805.4,358.5,0.4451204370499131
C00138,52,703.5,526.3,0.7481165600568584
C00139,49,676.0,522.3,0.7726331360946745
C00140,63,916.1,696.6,0.7603973365353127
C00141,41,567.4,332.2,0.5854776172012689
C00142,53,780.2,487.0,0.6241989233529863
C00143,54,807.0,161.9,0.2006195786864932
C00144,54,776.0,412.3,0.5313144329896907
C00145,37,508.09999999999997,199.6,0.392836055894509
C00146,53,736.5,515.8,0.7003394433129667
C00147,49,686.4,301.2,0.4388111888111888
C00148,40,552.0,426.6,0.7728260869565218
C00149,42,591.8,463.0,0.782358905035485
C00150,50,693.0,307.9,0.44430014430014425
C00151,44,647.7,440.4,0.6799444187123668
C00152,49,717.6,223.9,0.31201226309921964
C00153,47,640.0,534.2,0.8346875
C00154,53,734.1,502.8,0.6849203105843891
C00155,57,808.3,326.8,0.40430533217864656
C00156,52,741.5,329.6,0.4445043830074174
C00157,61,862.0,722.9,0.8386310904872389
C00158,60,842.6,633.6,0.7519582245430809
C00159,52,735.1,453.8,0.6173309753774997
C00160,40,603.5,420.0,0.695940347970174
C00161,58,817.7,215.0,0.26293261587379235
C00162,35,493.0,366.0,0.742393509127789
C00163,50,648.0,361.4,0.557716049382716
C00164,45,643.7,323.1,0.5019418983998757
C00165,54,811.5,529.1,0.6520024645717807
C00166,52,760.2,472.1,0.6210207840042095
C00167,57,752.9,530.7,0.7048744853234162
C00168,59,814.6,484.6,0.5948931991161306
C00169,49,708.6,538.1,0.7593847022297489
C00170,44,593.7,352.2,0.5932289034866093
C00171,44,650.1,511.4,0.7866482079680048
C00172,55,778.7,463.3,0.5949659689225633
C00173,55,760.5,411.8,0.5414858645627877
C00174,50,709.3,570.1,0.803750176230086
C00175,45,577.0,135.2,0.23431542461005198
C00176,51,742.9,520.4,0.7004980481895275
C00177,53,765.2,503.2,0.6576058546785154
C00178,45,592.5,345.7,0.5834599156118143
C00179,49,632.3,421.5,0.6666139490748063
C00180,57,771.5,388.1,0.5030460142579392
C00181,63,899.0,659.6,0.7337041156840934
C00182,54,783.4,601.3,0.7675516977278529
C00183,34,460.2,250.1,0.5434593654932638
C00184,57,833.6,560.7,0.6726247600767755
C00185,50,741.7,496.3,0.6691384656869354
C00186,57,768.4,219.6,0.2857886517438834
C00187,45,598.1,427.5,0.7147634174887142
C00188,59,792.8,604.6,0.7626135216952574
C00189,51,710.5,628.1,0.8840253342716398
C00190,50,667.3000000000001,245.6,0.3680503521654428
C00191,64,915.8,630.3,0.6882507097619568
C00192,46,646.9,442.7,0.6843407018086257
C00193,42,566.4,347.9,0.6142302259887006
C00194,56,765.0,625.1,0.817124183006536
C00195,50,703.3,273.2,0.3884544291198635
C00196,49,681.6,272.2,0.3993544600938967
C00197,57,833.2,702.1,0.8426548247719635
C00198,51,694.1,315.7,0.45483359746434227
C00199,46,674.9,349.7,0.5181508371610609
C00200,51,688.2,326.9,0.4750072653298459
C00201,46,647.7,134.6,0.2078122587617724
C00202,65,917.5,661.2,0.7206539509536786
C00203,50,733.6,356.9,0.486504907306434
C00204,52,769.3,434.4,0.5646691797738204
C00205,68,901.2,634.2,0.703728362183755
C00206,42,637.2,315.4,0.4949780288763339
C00207,58,791.1,595.7,0.7530021489065858
C00208,40,559.8,338.9,0.6053947838513755
C00209,46,627.1,448.9,0.7158347950885026
C00210,47,631.4,158.3,0.2507127019322142
C00211,52,724.1,542.9,0.74975832067394
C00212,60,902.9,490.3,0.5430280208217965
C00213,48,663.6,475.7,0.7168474984930681
C00214,46,641.3,424.7,0.6622485576173398
C00215,45,658.6,444.4,0.6747646522927421
C00216,56,778.1,436.3,0.5607248425652229
C00217,54,700.7,526.8,0.751819608962466
C00218,59,819.6,449.6,0.5485602733040508
C00219,48,666.7,537.5,0.8062096895155242
C00220,47,618.8,354.1,0.5722365869424694
C00221,50,679.4,380.0,0.5593170444509862
C00222,59,838.5,306.9,0.3660107334525939
C00223,50,665.5,395.4,0.5941397445529677
C00224,50,719.4,610.7,0.8489018626633307
C00225,40,588.3,241.4,0.4103348631650519
C00226,48,718.3,543.5,0.7566476402617291
C00227,48,625.9,369.5,0.5903498961495447
C00228,47,676.2,302.1,0.44676131322094054
C00229,41,609.0,395.59999999999997,0.6495894909688013
C00230,45,664.1,342.0,0.5149826833308236
C00231,51,744.8,410.7,0.5514232008592911
C00232,47,639.3,332.4,0.5199436884091976
C00233,49,667.3,491.5,0.7365502772366253
C00234,44,588.1,275.6,0.4686277843904098
C00235,48,647.4,505.8,0.7812789620018536
C00236,46,599.0,298.6,0.4984974958263773
C00237,48,617.8,339.6,0.5496924571058596
C00238,38,548.1,378.9,0.6912972085385878
C00239,61,906.2,513.4,0.566541602295299
C00240,49,669.4,134.6,0.20107559008066925
C00241,37,529.1,357.9,0.6764316764316763
C00242,46,629.8,317.7,0.5044458558272468
C00243,49,706.4,506.8,0.717440543601359
C00244,64,934.1,541.3,0.5794882774863505
C00245,46,670.5,310.5,0.46308724832214765
C00246,37,511.6,178.7,0.34929632525410476
C00247,51,707.4,494.9,0.6996041843370088
C00248,48,686.1,379.1,0.5525433610260895
C00249,45,615.2,147.9,0.24040962288686604
C00250,37,499.4,341.6,0.6840208249899881
C00251,48,680.5,204.4,0.3003673769287289
C00252,50,684.2,412.2,0.6024554223911136
C00253,69,930.3,250.8,0.26959045469203485
C00254,36,513.7,212.4,0.41347089741094023
C00255,55,714.1,464.5,0.6504691219717126
C00256,58,810.6,384.8,0.47471009129040215
C00257,45,582.3,378.1,0.6493216555040358
C00258,61,845.4,510.7,0.6040927371658387
C00259,51,736.2,592.1,0.80426514534094
C00260,56,753.2,352.9,0.46853425385023895
C00261,46,693.9,282.0,0.40639861651534803
C00262,49,673.0,191.4,0.28439821693907874
C00263,56,772.5,577.0,0.7469255663430421
C00264,54,735.4,509.0,0.6921403317922219
C00265,47,631.5,369.8,0.5855898653998417
C00266,47,714.0,435.5,0.6099439775910365
C00267,54,750.3,527.5,0.703052112488338
C00268,45,668.3,392.5,0.5873110878348048
C00269,38,521.5,355.6,0.6818791946308725
C00270,47,659.1,270.5,0.41040813230162343
C00271,53,727.5,200.8,0.27601374570446735
C00272,52,724.8,297.2,0.41004415011037526
C00273,38,508.2,390.9,0.7691853600944509
C00274,54,745.8,342.7,0.4595065701260392
C00275,48,680.0,528.3,0.7769117647058823
C00276,39,493.5,330.8,0.6703140830800406
C00277,52,753.4,485.5,0.644411998938147
C00278,50,709.0,420.1,0.5925246826516221
C00279,65,907.1,361.4,0.39841252342630357
C00280,39,580.1,390.9,0.6738493363213238
C00281,61,899.4,672.8,0.7480542583944851
C00282,54,757.5,589.4,0.7780858085808581
C00283,40,568.2,426.7,0.7509679690249911
C00284,52,687.2,503.2,0.7322467986030267
C00285,55,760.7,438.6,0.5765742079663467
C00286,55,770.6,405.9,0.5267324162989877
C00287,57,800.3,537.2,0.6712482818942898
C00288,51,687.6,359.2,0.5223967422920303
C00289,46,594.3,311.6,0.524314319367323
C00290,61,849.0,595.3,0.7011778563015312
C00291,48,642.9,447.1,0.6954425260538187
C00292,56,758.8,309.0,0.4072219293621508
C00293,49,669.6,350.7,0.5237455197132617
C00294,61,855.0,692.0,0.8093567251461988
C00295,49,678.5,383.3,0.5649226234340458
C00296,46,650.7,352.4,0.5415706162594128
C00297,57,823.8,360.7,0.43784899247390147
C00298,54,819.8,339.3,0.4138814344962186
C00299,48,712.3,625.0,0.8774392812017409
C00300,44,628.6,428.0,0.6808781419026407
C00301,49,680.0,456.6,0.6714705882352942
C00302,45,574.1,387.9,0.6756662602334087
C00303,59,848.2,556.3,0.6558594671068143
C00304,47,696.2,514.7,0.7392990519965528
C00305,43,564.2,368.1,0.6524282169443459
C00306,46,678.7,473.4,0.6975099454840135
C00307,38,550.8,466.4,0.8467683369644154
C00308,49,675.3,360.5,0.5338368132681771
C00309,54,778.9,580.1,0.7447682629349083
C00310,34,414.7,272.9,0.6580660718591753
C00311,48,698.8,353.09999999999997,0.5052947910704064
C00312,44,586.6,298.6,0.509035117627003
C00313,57,782.4,533.7,0.6821319018404909
C00314,56,785.9,365.6,0.4651991347499682
C00315,45,629.8,326.3,0.5181009844395047
C00316,56,739.9,432.4,0.5844032977429382
C00317,53,753.8,560.5,0.7435659326081189
C00318,37,481.1,279.1,0.5801288713365205
C00319,41,557.0,323.7,0.581149012567325
C00320,51,699.7,499.5,0.7138773760182935
C00321,56,707.0,352.1,0.4980198019801981
C00322,55,783.6,183.0,0.2335375191424196
C00323,50,684.9,506.0,0.7387939845232881
C00324,50,681.8,250.1,0.3668231152830742
C00325,52,716.9,410.0,0.5719068210350119
C00326,65,929.4,666.1,0.7166989455562729
C00327,42,601.4,349.2,0.5806451612903226
C00328,60,837.9,632.6,0.754982694832319
C00329,51,736.6,438.90000000000003,0.5958457778984524
C00330,49,652.2,387.8,0.5946028825513646
C00331,48,693.8,429.0,0.6183338137791872
C00332,44,640.5,178.5,0.2786885245901639
C00333,50,698.6,293.4,0.41998282278843396
C00334,56,774.5,584.0,0.7540348612007747
C00335,46,647.1,423.2,0.6539947457889043
C00336,54,779.0,266.2,0.3417201540436457
C00337,44,601.6,196.5,0.3266289893617021
C00338,43,608.9,281.6,0.46247331253079327
C00339,39,513.2,330.7,0.6443881527669524
C00340,40,513.1,393.0,0.7659325667511206
C00341,64,877.0,530.7,0.6051311288483466
C00342,60,875.3,639.8,0.7309493887809894
C00343,58,814.0,429.9,0.5281326781326781
C00344,47,672.3,469.6,0.6984976944816303
C00345,54,756.8,458.3,0.6055761099365751
C00346,42,631.7,494.0,0.7820167801171442
C00347,42,553.6,264.2,0.47723988439306353
C00348,51,648.9,301.4,0.4644783479734936
C00349,47,662.3,430.90000000000003,0.6506115053601088
C00350,44,585.9,486.2,0.8298344427376686
C00351,53,663.5,515.3,0.7766390354182365
C00352,63,857.6,671.5,0.7829990671641791
C00353,40,564.8,382.7,0.677584985835694
C00354,40,566.1,115.3,0.20367426249779189
C00355,43,622.2,388.5,0.624397299903568
C00356,54,738.1,191.6,0.2595854220295353
C00357,45,572.7,110.0,0.19207263837960536
C00358,53,758.4,620.2,0.8177742616033756
C00359,48,711.1,288.9,0.40627197299957807
C00360,61,847.1,683.7,0.8071065989847716
C00361,54,696.0,403.9,0.580316091954023
C00362,41,595.5,476.7,0.8005037783375315
C00363,41,540.7,303.4,0.5611244682818568
C00364,44,625.4,321.9,0.5147105852254557
C00365,64,853.2,283.0,0.3316924519456165
C00366,41,571.1,394.7,0.6911223953773419
C00367,54,740.5,417.6,0.5639432815665092
C00368,44,671.6,369.9,0.550774270399047
C00369,49,743.1,432.2,0.5816175481092719
C00370,53,724.2,330.5,0.45636564484948905
C00371,50,713.4,456.5,0.6398934679001963
C00372,52,722.8,400.3,0.5538184836745988
C00373,35,466.4,301.8,0.6470840480274443
C00374,47,639.1,494.1,0.773118447817243
C00375,42,611.1,122.5,0.20045819014891178
C00376,50,741.9,579.2,0.7806982073055668
C00377,45,614.5,378.7,0.616273393002441
C00378,51,734.1,631.7,0.8605094673750171
C00379,55,742.1,159.8,0.21533486053092576
C00380,35,480.3,146.3,0.30460129085987925
C00381,54,827.0,529.9,0.6407496977025393
C00382,47,636.0,387.7,0.6095911949685534
C00383,56,793.9,328.2,0.4134021917118025
C00384,58,764.4,355.0,0.4644165358451073
C00385,49,662.4,328.3,0.4956219806763285
C00386,49,737.1,428.0,0.5806539139872473
C00387,48,653.2,522.7,0.8002143294549908
C00388,52,754.9,561.7,0.7440720625248378
C00389,62,854.6,499.2,0.5841329276854669
C00390,46,589.6,417.9,0.7087856173677068
C00391,47,648.0,377.9,0.5831790123456789
C00392,47,667.9,211.7,0.3169636173079802
C00393,48,720.8,129.8,0.1800776914539401
C00394,47,678.6,401.6,0.591806660772178
C00395,50,658.5,464.4,0.7052391799544419
C00396,48,677.1,481.1,0.7105302023334811
C00397,41,576.1,406.1,0.7049123416073598
C00398,46,700.5,501.8,0.7163454675231977
C00399,47,684.2,445.6,0.6512715580239696
C00400,52,719.3,381.2,0.5299596830251634
C00401,59,869.8,480.4,0.5523108760634629
C00402,45,628.0,451.8,0.7194267515923567
C00403,51,707.8,426.09999999999997,0.6020062164453235
C00404,45,626.8,392.2,0.6257179323548181
C00405,54,743.0,451.6,0.6078061911170929
C00406,52,713.5,442.5,0.6201822004204625
C00407,48,682.1999999999999,512.1,0.7506596306068603
C00408,59,899.9,531.2,0.5902878097566397
C00409,50,671.7,566.4,0.84323358642251
C00410,62,869.8,488.1,0.5611634858588181
C00411,45,639.4,486.59999999999997,0.7610259618392242
C00412,52,763.9,526.5,0.6892263385259851
C00413,54,749.1,313.5,0.4185022026431718
C00414,51,747.7,345.6,0.4622174668984887
C00415,51,763.2,438.8,0.5749475890985325
C00416,59,818.4,635.1,0.7760263929618769
C00417,40,573.1,344.8,0.6016402024079567
C00418,47,653.7,149.0,0.22793330273825912
C00419,66,931.4,364.3,0.39113162980459526
C00420,46,652.5,295.3,0.45256704980842916
C00421,39,568.0,421.2,0.7415492957746479
C00422,58,771.0,228.1,0.2958495460440986
C00423,47,675.9,381.7,0.5647285101346353
C00424,69,995.9,674.9,0.6776784817752787
C00425,67,906.2,607.4,0.6702714632531449
C00426,44,555.0,359.5,0.6477477477477478
C00427,50,632.7,200.7,0.3172119487908961
C00428,50,714.2,473.2,0.6625595071408569
C00429,49,695.5,453.2,0.6516175413371675
C00430,39,542.5,236.9,0.4366820276497696
C00431,51,740.3,362.8,0.49007159259759564
C00432,48,655.4,404.1,0.6165700335672872
C00433,55,729.8,560.3,0.7677445875582352
C00434,47,653.5,379.2,0.5802601377199694
C00435,47,702.6,520.9,0.7413891261030457
C00436,71,1031.5,517.4,0.5015996122152205
C00437,46,628.6,159.1,0.2531021317212854
C00438,60,843.8,593.3,0.703128703484238
C00439,49,704.7,426.1,0.6046544628920107
C00440,37,492.4,339.2,0.6888708367181153
C00441,43,578.2,329.0,0.5690072639225181
C00442,54,790.0,616.9,0.7808860759493671
C00443,57,810.4,583.6,0.7201382033563672
C00444,63,876.4,672.3,0.7671154723870378
C00445,66,847.6,263.5,0.3108777725342142
C00446,58,801.9,601.3,0.7498441202144905
C00447,41,601.4,348.0,0.5786498170934486
C00448,52,748.8,307.4,0.41052350427350426
C00449,58,878.4,487.5,0.5549863387978142
C00450,49,679.7,440.0,0.6473444166544063
C00451,42,617.9,478.8,0.774882667098236
C00452,54,710.9,523.0,0.7356871571247714
C00453,45,637.8,149.4,0.23424270931326438
C00454,44,626.8,229.5,0.3661455009572432
C00455,26,385.7,145.2,0.3764583873476795
C00456,49,676.4,358.7,0.530307510348906
C00457,48,667.2,233.9,0.3505695443645084
C00458,45,631.9,349.6,0.5532520968507676
C00459,59,845.3,545.0,0.6447415118892701
C00460,63,967.4,266.0,0.27496382054992763
C00461,60,837.8,573.9,0.685008355216042
C00462,47,666.3,493.4,0.7405072790034519
C00463,46,658.0,359.2,0.5458966565349543
C00464,48,696.2,268.8,0.3860959494398161
C00465,36,488.4,365.3,0.747952497952498
C00466,60,882.9,402.7,0.45611054479556007
C00467,47,690.4,152.7,0.22117612977983778
C00468,58,832.6,182.3,0.21895267835695412
C00469,48,678.3,439.8,0.6483856700574967
C00470,49,710.0,526.4,0.7414084507042253
C00471,59,812.9,466.5,0.5738713248862098
C00472,48,707.6,527.4,0.7453363482193329
C00473,39,528.4,306.0,0.579106737320212
C00474,43,572.8,416.1,0.7264315642458101
C00475,51,710.3,332.2,0.46768970857384207
C00476,41,541.5,237.8,0.4391505078485688
C00477,60,831.5,649.8,0.7814792543595911
C00478,37,509.40000000000003,312.2,0.6128778955634079
C00479,48,703.4,393.9,0.5599943133352289
C00480,59,810.7,545.9,0.6733686937214752
C00481,30,402.9,302.3,0.7503102506825515
C00482,48,629.2,385.4,0.612523839796567
C00483,53,741.4,558.5,0.7533045589425411
C00484,65,946.3,507.4,0.5361935961111698
C00485,41,548.4,193.3,0.3524799416484318
C00486,64,890.9,661.9,0.7429565607812324
C00487,44,567.7,322.2,0.5675532851858375
C00488,54,737.7,515.9,0.6993357733496001
C00489,43,621.2,393.6,0.6336123631680618
C00490,50,714.7,633.0,0.885686301944872
C00491,43,592.9,432.8,0.7299713273739248
C00492,40,565.7,454.0,0.8025455188262329
C00493,51,717.2,393.5,0.5486614612381483
C00494,35,486.1,388.40000000000003,0.7990125488582597
C00495,55,762.6,544.8,0.7143981117230527
C00496,53,743.5,383.0,0.5151311365164761
C00497,51,704.7,462.6,0.6564495530012772
C00498,50,642.6,469.9,0.7312480547774665
C00499,42,592.3,359.9,0.6076312679385447
C00500,42,599.9,329.9,0.5499249874979163
C00501,48,679.5,439.0,0.6460632818248713
C00502,49,678.2,411.9,0.6073429666764966
C00503,35,525.0,245.6,0.4678095238095238
C00504,54,746.1,510.2,0.6838225438949203
C00505,46,657.0,513.0,0.7808219178082192
C00506,42,557.6,362.0,0.6492109038737446
C00507,55,775.6,522.8,0.6740587931923672
C00508,54,790.0,580.2,0.7344303797468354
C00509,59,857.3,510.2,0.5951242272250088
C00510,56,734.2,310.9,0.4234540997003541
C00511,51,726.5,459.59999999999997,0.6326221610461115
C00512,44,616.5,451.4,0.7321978913219789
C00513,51,711.9,453.1,0.6364657957578312
C00514,49,712.5,595.6,0.8359298245614035
C00515,55,803.8,408.4,0.5080865887036576
C00516,49,668.0,452.3,0.6770958083832336
C00517,57,828.7,506.2,0.610836249547484
C00518,50,721.7,499.7,0.692392961064154
C00519,56,772.9,525.3,0.6796480786647691
C00520,53,727.7,430.4,0.5914525216435343
C00521,57,820.1,597.3,0.728325813925131
C00522,47,664.5,263.4,0.3963882618510158
C00523,40,580.2,270.1,0.46552912788693557
C00524,50,660.1,140.3,0.21254355400696864
C00525,44,633.2,390.0,0.6159191408717625
C00526,58,780.3,606.4,0.7771369985902858
C00527,47,629.8,292.2,0.46395681168624964
C00528,48,710.6,508.6,0.7157331832254433
C00529,45,628.7,307.59999999999997,0.4892635597264195
C00530,45,607.8,246.0,0.4047384007897335
C00531,54,726.9,384.9,0.529508873297565
C00532,51,719.2,284.6,0.3957174638487208
C00533,55,764.6,519.3,0.679178655506147
C00534,54,712.7,249.1,0.3495159253542865
C00535,38,476.0,287.2,0.6033613445378151
C00536,56,785.3,302.2,0.3848210874824908
C00537,66,886.2,449.7,0.5074475287745429
C00538,50,705.5,533.5,0.7562012756909993
C00539,46,665.8,344.9,0.5180234304595974
C00540,55,752.1,169.6,0.225501927935115
C00541,47,662.0,183.9,0.27779456193353474
C00542,49,707.9,80.4,0.11357536375194238
C00543,45,655.6,156.4,0.23856009762050032
C00544,51,724.4,544.4,0.751518498067366
C00545,58,792.9,613.4,0.7736158405851936
C00546,43,628.1,362.1,0.5765005572361089
C00547,50,738.4,441.8,0.5983206933911159
C00548,45,619.6,90.4,0.1459005810200129
C00549,61,859.1,561.6,0.6537073681759982
C00550,49,718.5,348.7,0.48531663187195545
C00551,44,627.0,355.3,0.5666666666666667
C00552,77,1137.6,798.3,0.7017405063291139
C00553,44,643.2,545.7,0.8484141791044776
C00554,44,608.1,389.6,0.6406840980101957
C00555,49,720.2,447.2,0.6209386281588447
C00556,52,717.6,343.5,0.4786789297658863
C00557,47,609.1,420.3,0.6900344770973568
C00558,48,672.1,441.5,0.6568962951941675
C00559,42,628.6,434.90000000000003,0.6918549156856507
C00560,59,763.6,443.3,0.5805395495023572
C00561,50,729.1,574.6,0.7880949115347688
C00562,54,800.2,556.4,0.6953261684578854
C00563,45,632.9,495.3,0.7825880865855586
C00564,48,663.5,460.6,0.6941974378296911
C00565,41,546.9,254.5,0.46535015542146646
C00566,58,848.6,464.2,0.5470186189017204
C00567,38,513.5,198.3,0.3861733203505356
C00568,44,621.1,250.2,0.4028336821767831
C00569,46,599.6,478.5,0.798032021347565
C00570,51,710.1,367.7,0.5178143923391071
C00571,45,625.6,447.0,0.7145140664961637
C00572,52,755.3,526.5,0.6970740103270224
C00573,49,671.1,385.8,0.5748770675011176
C00574,60,831.4,436.6,0.5251383209044985
C00575,44,634.2,539.9,0.8513087354146955
C00576,46,670.2,355.0,0.5296926290659504
C00577,54,737.1,377.2,0.511735178401845
C00578,56,750.5,592.3,0.7892071952031978
C00579,38,553.8,376.3,0.6794871794871795
C00580,54,788.6,419.9,0.5324625919350747
C00581,43,548.8,331.90000000000003,0.6047740524781342
C00582,64,914.0,589.9,0.6454048140043763
C00583,57,844.6,525.6,0.6223064172389297
C00584,50,733.4,411.7,0.5613580583583311
C00585,51,707.1,413.5,0.5847829161363315
C00586,54,770.2,319.0,0.41417813554920796
C00587,42,567.6,267.3,0.47093023255813954
C00588,45,594.1,414.3,0.6973573472479381
C00589,53,756.2,579.4,0.7661994181433482
C00590,55,790.7,450.9,0.5702542051346907
C00591,60,854.2,492.2,0.5762116600327791
C00592,74,1098.5,795.6,0.7242603550295859
C00593,57,797.7,525.2,0.6583928795286449
C00594,44,603.6,313.4,0.5192180251822398
C00595,45,688.2,544.4,0.7910491136297587
C00596,50,717.6,501.6,0.6989966555183946
C00597,45,675.5,436.3,0.6458919319022947
C00598,54,742.5,372.9,0.5022222222222222
C00599,51,691.3,483.5,0.6994069145088964
C00600,44,612.7,342.9,0.5596539905337032
C00601,41,574.7,415.2,0.7224638942056725
C00602,61,818.1,394.0,0.48160371592714823
C00603,43,649.9,527.2,0.8112017233420528
C00604,51,739.7,400.9,0.5419764769501149
C00605,41,605.9,291.1,0.4804423172140618
C00606,49,653.0,237.0,0.36294027565084225
C00607,59,775.9,559.7,0.7213558448253642
C00608,64,920.4,535.7,0.5820295523685355
C00609,54,724.4,309.3,0.42697404748757595
C00610,45,628.2,229.2,0.3648519579751671
C00611,46,620.2,398.0,0.6417284746855852
C00612,52,748.9,512.6,0.6844705568166645
C00613,41,573.5,438.5,0.7646033129904097
C00614,50,731.4,398.2,0.5444353295050588
C00615,48,705.9,461.0,0.6530670066581669
C00616,53,747.3,330.2,0.44185735313796337
C00617,45,613.7,261.5,0.42610395958937586
C00618,44,588.9,418.2,0.7101375445746306
C00619,54,818.9,529.2,0.6462327512516791
C00620,51,728.0,557.1,0.7652472527472528
C00621,41,558.8,289.2,0.5175375805297066
C00622,49,701.6,612.5,0.8730045610034207
C00623,51,710.2,450.2,0.6339059419881723
C00624,55,765.6,284.9,0.37212643678160917
C00625,48,664.1,417.9,0.6292726998945941
C00626,49,679.6,606.9,0.8930253090052972
C00627,38,540.1,329.1,0.6093316052582856
C00628,56,783.0,523.7,0.668837803320562
C00629,42,576.1,125.6,0.21801770525950354
C00630,39,536.3,76.2,0.14208465411150478
C00631,52,767.9,492.0,0.640708425576247
C00632,47,640.5,476.2,0.7434816549570648
C00633,54,759.5,487.90000000000003,0.6423963133640553
C00634,49,696.4,397.3,0.5705054566341183
C00635,44,637.6999999999999,496.6,0.7787360827975538
C00636,50,629.9,455.0,0.7223368788696619
C00637,63,886.0,578.7,0.6531602708803612
C00638,50,700.7,111.60000000000001,0.159269302126445
C00639,52,735.6,305.0,0.4146275149537792
C00640,53,718.3,437.4,0.6089377697340944
C00641,46,668.9,391.8,0.5857377784422186
C00642,54,794.8,265.4,0.33392048314041267
C00643,42,578.1,316.3,0.5471371734993946
C00644,41,542.2,397.2,0.7325710070084839
C00645,44,601.0,314.4,0.5231281198003327
C00646,53,734.9,366.0,0.4980269424411485
C00647,50,716.5,158.3,0.22093510118632242
C00648,42,594.0,127.5,0.21464646464646464
C00649,54,814.3,382.0,0.46911457693724673
C00650,51,714.5,556.5,0.7788663400979706
C00651,57,853.1999999999999,246.7,0.2891467416783873
C00652,52,724.9,485.1,0.669195751138088
C00653,34,467.0,290.8,0.6226980728051392
C00654,59,824.5,435.0,0.5275924802910855
C00655,52,715.7,319.8,0.4468352661729775
C00656,55,704.4,166.9,0.23693923906871098
C00657,46,631.1,290.0,0.45951513230866736
C00658,51,707.1,447.2,0.6324423702446612
C00659,49,669.6,487.9,0.7286439665471923
C00660,52,707.0,207.8,0.29391796322489394
C00661,50,715.8,400.9,0.5600726459905001
C00662,58,758.6,412.8,0.5441602952807804
C00663,48,691.6,485.6,0.70213996529786
C00664,58,858.9,550.4,0.6408196530445919
C00665,52,689.5,494.5,0.7171863669325598
C00666,57,775.8,543.5,0.7005671564836299
C00667,47,646.5,367.6,0.568600154679041
C00668,52,726.8,461.7,0.6352504127682994
C00669,31,435.3,267.3,0.6140592694693315
C00670,50,734.5,238.4,0.32457454050374407
C00671,43,606.1,146.0,0.24088434251773633
C00672,65,930.7,585.4,0.6289889330611367
C00673,54,712.0,209.20000000000002,0.29382022471910113
C00674,58,837.5,358.8,0.42841791044776123
C00675,44,571.7,123.6,0.2161973062795172
C00676,47,616.0,300.5,0.4878246753246753
C00677,48,658.5,398.4,0.60501138952164
C00678,55,791.1,590.1,0.745923397800531
C00679,42,578.6,327.0,0.5651572761838921
C00680,39,519.3,385.1,0.74157519738109
C00681,71,982.6,595.3,0.605841644616324
C00682,48,676.4,529.5,0.7828208160851567
C00683,50,715.1,328.2,0.4589567892602433
C00684,40,578.9,431.4,0.7452064259803075
C00685,61,850.9,666.6,0.7834058056175814
C00686,48,688.3,401.3,0.5830306552375418
C00687,47,658.9,456.3,0.6925178327515557
C00688,41,567.1,417.8,0.7367307353200494
C00689,51,730.8,382.1,0.5228516694033936
C00690,57,793.9,210.8,0.26552462526766596
C00691,52,682.0,492.9,0.7227272727272727
C00692,57,743.0,417.7,0.5621803499327053
C00693,50,731.8,383.1,0.5235036895326592
C00694,54,776.4,242.5,0.31233900051519836
C00695,51,691.6,293.0,0.42365529207634467
C00696,54,762.4,573.6,0.752360965372508
C00697,40,584.3,261.5,0.4475440698271436
C00698,44,581.9,155.0,0.26636879188864065
C00699,72,969.9,610.4,0.6293432312609547
C00700,44,653.0,535.9,0.8206738131699847
C00701,57,773.6,425.2,0.5496380558428128
C00702,48,661.4,359.09999999999997,0.54293921983671
C00703,43,590.2,349.0,0.5913249745848864
C00704,47,644.9,496.7,0.7701969297565514
C00705,45,633.1,186.7,0.29489812036013263
C00706,46,599.2,363.6,0.6068090787716955
C00707,49,671.9,442.0,0.6578359874981397
C00708,41,578.6,291.7,0.5041479433114414
C00709,37,533.9,321.7,0.6025472935006556
C00710,54,800.0,462.5,0.578125
C00711,60,841.2,569.9,0.6774845458868283
C00712,53,743.2,318.2,0.42814854682454245
C00713,45,599.0,223.2,0.3726210350584307
C00714,56,775.9,516.6,0.6658074494135843
C00715,69,951.9,647.2,0.6799033511923522
C00716,52,756.9,402.2,0.5313779891663364
C00717,50,643.9,446.0,0.692654138841435
C00718,48,633.6,275.6,0.4349747474747475
C00719,47,665.3,185.6,0.27897189237937775
C00720,64,916.7,540.1,0.5891785753245337
C00721,41,547.8,386.4,0.7053669222343921
C00722,47,641.2,367.8,0.5736119775421086
C00723,49,655.1,487.3,0.7438558998626164
C00724,43,605.8,235.4,0.38857708814790365
C00725,53,719.2,470.6,0.6543381535038932
C00726,52,705.5,539.3,0.7644223954642098
C00727,53,748.6,556.2,0.742986908896607
C00728,53,718.3,476.8,0.6637895029931784
C00729,56,802.3,306.5,0.38202667331422163
C00730,56,781.6,388.1,0.4965455475946776
C00731,43,586.5,417.9,0.7125319693094628
C00732,52,776.1,546.3,0.70390413606494
C00733,44,638.3,358.3,0.5613347955506816
C00734,42,624.6,322.3,0.516010246557797
C00735,54,715.1,440.3,0.6157180813872186
C00736,47,673.7,471.0,0.6991242392756419
C00737,54,733.2,476.5,0.6498908892525913
C00738,45,585.2,365.3,0.6242310321257689
C00739,45,627.3,220.79999999999998,0.3519846963175514
C00740,44,622.3,443.1,0.7120359955005625
C00741,44,626.7,341.3,0.5445986915589596
C00742,58,840.9,226.4,0.26923534308479014
C00743,47,637.6,157.7,0.24733375156838142
C00744,52,672.5,260.0,0.38661710037174724
C00745,41,564.2,238.0,0.4218362282878412
C00746,66,962.9,561.8,0.5834458406895835
C00747,51,727.2,438.0,0.6023102310231023
C00748,48,660.7,155.1,0.2347510216437112
C00749,55,731.2,471.4,0.6446936542669583
C00750,41,536.7,367.2,0.6841811067635549
C00751,48,686.9,368.2,0.5360314456252729
C00752,52,763.1999999999999,91.0,0.11923480083857443
C00753,65,914.4,559.1,0.6114391951006125
C00754,52,664.9,447.5,0.6730335388780267
C00755,49,679.2,400.9,0.5902532391048292
C00756,55,766.1,443.6,0.5790366792846887
C00757,52,728.6,608.1,0.834614328849849
C00758,60,864.7,568.3,0.6572221579738636
C00759,45,642.0,264.0,0.411214953271028
C00760,45,561.1,238.2,0.42452325788629475
C00761,39,529.6,326.0,0.6155589123867069
C00762,43,645.5,249.1,0.3859024012393493
C00763,52,735.5,456.2,0.6202583276682528
C00764,46,667.1,484.1,0.7256783090990856
C00765,47,658.3,448.8,0.6817560382804193
C00766,41,586.1,237.3,0.40487971335949496
C00767,53,768.9,460.8,0.5992976980101444
C00768,41,538.4,308.7,0.5733655274888558
C00769,52,697.3,373.9,0.5362110999569769
C00770,45,649.3,298.3,0.45941783459109814
C00771,49,661.6,430.1,0.6500906892382105
C00772,44,607.2,251.9,0.41485507246376807
C00773,52,729.9,459.7,0.6298123030552131
C00774,51,701.9,469.40000000000003,0.6687562330816357
C00775,47,706.0,341.2,0.48328611898016993
C00776,57,806.4,298.4,0.3700396825396825
C00777,44,556.4,409.7,0.7363407620416966
C00778,54,697.4,431.7,0.6190134786349297
C00779,64,914.6,705.5,0.7713754646840149
C00780,43,525.7,198.4,0.37740155982499524
C00781,42,642.8,209.7,0.3262289981331674
C00782,54,726.5,182.7,0.25147969717825186
C00783,47,670.9,439.7,0.6553882843940975
C00784,56,766.1,353.2,0.4610364182221642
C00785,49,673.9,373.3,0.5539397536726518
C00786,40,546.9,455.3,0.8325105138050832
C00787,57,742.6,535.4,0.7209803393482359
C00788,48,622.4,441.59999999999997,0.7095115681233933
C00789,52,698.4,327.4,0.46878579610538373
C00790,45,643.7,283.3,0.4401118533478328
C00791,50,691.8,348.7,0.5040474125469789
C00792,59,800.7,385.3,0.48120394654677157
C00793,56,770.4,422.3,0.5481568016614746
C00794,44,639.7,426.4,0.666562451148976
C00795,45,659.0,223.4,0.33899848254931714
C00796,53,762.9,582.1,0.7630095687508193
C00797,43,579.6,416.4,0.7184265010351967
C00798,50,671.1,484.4,0.7218000298018179
C00799,51,728.8,428.7,0.5882272228320528
C00800,58,871.0,433.5,0.49770378874856486
C00801,48,707.6,150.7,0.2129734313171283
C00802,66,912.7,204.5,0.22406047989481756
C00803,38,543.7,391.2,0.7195144381092513
C00804,39,565.4,314.9,0.5569508312698974
C00805,52,693.8,506.8,0.7304698760449698
C00806,56,797.4,416.5,0.5223225482819163
C00807,41,590.5,454.2,0.7691786621507197
C00808,44,613.9,294.3,0.4793940381169572
C00809,44,600.9,310.5,0.5167249126310535
C00810,56,810.4,368.7,0.45496051332675225
C00811,60,865.2,460.7,0.5324780397595931
C00812,51,755.3000000000001,534.2,0.7072686349794783
C00813,48,744.3,591.9,0.7952438532849657
C00814,59,769.5,349.4,0.45406107862248213
C00815,55,738.4,436.1,0.5906013001083424
C00816,44,637.5,386.0,0.6054901960784314
C00817,49,662.8,141.7,0.21378998189499093
C00818,46,650.2,269.0,0.41371885573669637
C00819,45,638.8,446.4,0.6988102692548529
C00820,61,863.2,524.3,0.6073911028730306
C00821,57,794.7,520.1,0.6544608028186737
C00822,40,604.1,433.6,0.7177619599404073
C00823,55,757.6,444.7,0.5869852164730728
C00824,46,629.0,233.8,0.3717011128775835
C00825,47,699.1,347.5,0.49706765841796596
C00826,42,548.8,257.2,0.4686588921282799
C00827,51,705.0,535.8,0.7599999999999999
C00828,47,650.2,394.6,0.6068901876345739
C00829,55,743.6,192.1,0.2583378160301237
C00830,38,541.7,268.2,0.49510799335425504
C00831,49,701.3,478.2,0.6818765150434907
C00832,61,854.1,578.5,0.6773211567732116
C00833,45,615.1,226.4,0.3680702324825232
C00834,58,828.4,445.5,0.5377836793819412
C00835,41,602.7,375.1,0.6223660195785631
C00836,65,881.2,715.8,0.812301407172038
C00837,47,652.2,459.4,0.7043851579270162
C00838,56,788.6,467.6,0.592949530814101
C00839,47,645.6,383.59999999999997,0.594175960346964
C00840,58,795.0,488.2,0.6140880503144653
C00841,41,569.1,311.9,0.5480583377262344
C00842,46,698.3,477.3,0.6835171129886869
C00843,58,852.2,463.2,0.5435343816005632
C00844,42,600.4,435.6,0.725516322451699
C00845,43,598.5,330.0,0.5513784461152882
C00846,47,685.6,269.8,0.3935239206534422
C00847,44,637.4,210.3,0.32993410731095074
C00848,49,706.4,386.7,0.5474235560588901
C00849,42,560.8,303.9,0.541904422253923
C00850,60,872.2,581.5,0.6667048842008714
C00851,65,911.9,569.5,0.6245202324816318
C00852,50,683.0,523.5,0.7664714494875549
C00853,41,518.5,311.2,0.6001928640308583
C00854,51,749.0,614.2,0.820026702269693
C00855,56,760.9,556.5,0.7313707451701932
C00856,54,776.1,382.8,0.49323540780827213
C00857,46,636.1,471.8,0.7417072787297595
C00858,42,565.8,377.0,0.6663131848709792
C00859,46,593.2,382.9,0.6454821308159135
C00860,36,496.2,397.3,0.8006852075775898
C00861,60,870.6,718.4,0.8251780381346198
C00862,48,707.6,379.1,0.5357546636517807
C00863,52,724.3,640.9,0.8848543421234295
C00864,59,787.7,520.9,0.6612923701916973
C00865,54,798.9,450.6,0.5640255351107774
C00866,50,732.6,370.7,0.506006006006006
C00867,39,565.1,277.4,0.4908865687488939
C00868,35,528.4,388.9,0.735995457986374
C00869,49,610.3,549.4,0.9002130099950845
C00870,53,768.8,400.7,0.5212018730489074
C00871,43,546.8,346.9,0.6344184345281638
C00872,44,643.1,523.7,0.8143368060954751
C00873,42,576.6,262.1,0.4545612209503989
C00874,44,595.3,360.3,0.6052410549302873
C00875,54,717.5,318.9,0.4444599303135888
C00876,54,751.0,353.2,0.470306258322237
C00877,59,784.9,444.0,0.5656771563256466
C00878,57,795.6,117.0,0.14705882352941177
C00879,46,647.5,529.4,0.8176061776061776
C00880,54,706.4,385.6,0.5458663646659118
C00881,49,670.7,517.5,0.7715819293275682
C00882,50,690.2,415.7,0.6022891915386844
C00883,57,812.3,635.7,0.7825926381878617
C00884,49,676.4,321.5,0.4753104671791839
C00885,50,699.6,517.4,0.7395654659805603
C00886,50,686.3,293.4,0.42750983534897274
C00887,46,641.5,288.1,0.44910366328916607
C00888,61,828.4,265.7,0.320738773539353
C00889,44,581.0,407.2,0.7008605851979346
C00890,46,636.6,463.2,0.7276154571159283
C00891,47,645.9,213.9,0.3311658151416628
C00892,49,727.9,441.9,0.6070888858359664
C00893,54,768.5,362.5,0.4716981132075472
C00894,47,652.1,249.29999999999998,0.3823033277104738
C00895,55,785.0,565.3,0.7201273885350318
C00896,45,646.9,389.5,0.6021023342093059
C00897,56,798.8,217.8,0.27265898848272413
C00898,49,707.1,385.3,0.5449017112148211
C00899,66,891.4,455.4,0.5108817590307382
C00900,44,594.8,331.0,0.5564895763281775
C00901,50,657.9,412.6,0.6271469828241375
C00902,52,761.9,361.1,0.4739467121669511
C00903,54,755.2,563.1,0.7456302966101694
C00904,44,634.1,424.2,0.6689796562056457
C00905,61,820.5,416.2,0.5072516758074345
C00906,52,717.6,443.5,0.6180323299888517
C00907,52,695.2,182.39999999999998,0.2623705408515535
C00908,44,613.0,428.3,0.698694942903752
C00909,72,1036.7,476.0,0.4591492234976367
C00910,62,866.3,636.4,0.7346184924391088
C00911,61,859.7,300.1,0.3490752588112132
C00912,61,836.5,434.8,0.5197848176927675
C00913,42,596.9,439.9,0.7369743675657564
C00914,53,729.3,127.4,0.17468805704099824
C00915,40,573.4,334.3,0.5830136030694105
C00916,50,675.4,102.9,0.152354160497483
C00917,54,749.1,518.8,0.6925644106260845
C00918,37,530.4,226.4,0.4268476621417798
C00919,45,657.2,339.6,0.516737674984784
C00920,60,823.8,582.3,0.7068463219227967
C00921,41,568.0,116.5,0.2051056338028169
C00922,56,788.7,440.6,0.5586408013186256
C00923,53,738.3000000000001,591.8,0.8015711770283082
C00924,53,725.8,237.7,0.3275006888950124
C00925,40,586.3,408.8,0.6972539655466485
C00926,54,738.5,371.0,0.5023696682464455
C00927,51,752.5,334.6,0.4446511627906977
C00928,61,793.6,414.3,0.5220514112903226
C00929,45,647.2,226.20000000000002,0.3495055624227441
C00930,46,637.7,364.0,0.570801317233809
C00931,47,667.2,242.9,0.3640587529976019
C00932,41,560.1,277.5,0.4954472415640064
C00933,42,584.5,138.9,0.23763900769888796
C00934,65,954.1,583.7,0.6117807357719317
C00935,52,748.0,423.8,0.5665775401069519
C00936,47,673.9,376.9,0.5592817925508236
C00937,43,615.4,427.9,0.6953201169970751
C00938,35,517.1,382.8,0.7402823438406497
C00939,59,890.1,728.3,0.8182226716099315
C00940,47,650.1,337.8,0.5196123673281033
C00941,52,742.0,506.4,0.6824797843665767
C00942,59,817.0,629.3,0.7702570379436964
C00943,55,792.3,589.7,0.7442887795027138
C00944,45,635.3,550.6,0.8666771603966631
C00945,53,792.7,576.3,0.7270089567301626
C00946,46,653.2,354.0,0.5419473361910594
C00947,42,594.1,269.6,0.4537956572967514
C00948,56,779.3,494.9,0.6350571025279097
C00949,46,656.5,135.0,0.20563594821020564
C00950,47,688.4,274.1,0.398169668797211
C00951,50,671.6,161.3,0.24017272185824898
C00952,51,709.9,278.0,0.39160445133117344
C00953,42,595.7,179.2,0.30082256169212684
C00954,46,692.0,328.8,0.47514450867052027
C00955,43,574.4,389.9,0.6787952646239555
C00956,53,748.5,530.0,0.7080828323313293
C00957,44,680.6,340.40000000000003,0.5001469291801353
C00958,47,674.7,440.0,0.6521416926041204
C00959,54,751.1,415.0,0.5525229663160698
C00960,47,659.1,456.7,0.6929145804885449
C00961,53,756.5,608.9,0.8048909451421018
C00962,66,914.7,721.2,0.7884552312233519
C00963,38,549.1,372.59999999999997,0.678564924421781
C00964,48,602.0,377.4,0.6269102990033222
C00965,53,721.2,344.3,0.47739877981142537
C00966,55,785.6,510.8,0.65020366598778
C00967,57,784.5,360.8,0.4599107711918419
C00968,58,778.3,437.0,0.5614801490427855
C00969,48,654.4,396.0,0.6051344743276283
C00970,56,717.5,300.1,0.4182578397212544
C00971,39,526.7,264.5,0.5021834061135371
C00972,50,714.5,315.5,0.44156752974107766
C00973,68,959.1,619.2,0.6456052549264936
C00974,45,612.3,366.6,0.5987261146496816
C00975,51,709.2,393.3,0.5545685279187818
C00976,51,698.7,558.5,0.7993416344640045
C00977,54,740.6,586.0,0.7912503375641372
C00978,52,688.4,384.8,0.5589773387565369
C00979,56,792.2,300.40000000000003,0.37919717243120427
C00980,54,746.6,221.2,0.2962764532547549
C00981,46,651.7,183.3,0.28126438545342947
C00982,66,910.0,632.3,0.6948351648351648
C00983,53,739.7,274.2,0.3706908206029471
C00984,64,940.6,696.7,0.7406974271741442
C00985,50,674.3,460.8,0.6833753522171141
C00986,60,839.8,547.4,0.6518218623481782
C00987,46,626.7,455.4,0.7266634753470559
C00988,49,706.5,519.9,0.7358811040339702
C00989,54,734.3,501.0,0.682282445866812
C00990,55,801.3,487.0,0.6077623861225508
C00991,52,739.6,388.5,0.5252839372633856
C00992,53,743.7,532.2,0.7156111335215813
C00993,52,739.3,407.9,0.5517381306641418
C00994,50,708.2,426.3,0.6019486020898052
C00995,54,790.2,508.4,0.6433814224247025
C00996,56,778.3,437.4,0.5619940896826416
C00997,38,504.0,278.6,0.5527777777777778
C00998,56,826.5,458.1,0.5542649727767696
C00999,45,620.0,205.5,0.33145161290322583
C01000,49,645.4,485.7,0.7525565540749922
C01001,59,821.9,336.6,0.4095388733422558
C01002,45,589.5,252.6,0.42849872773536896
C01003,42,583.2,449.1,0.7700617283950617
C01004,62,871.2,733.7,0.8421717171717171
C01005,45,643.5,325.2,0.5053613053613053
C01006,45,645.7,508.3,0.7872076815858757
C01007,49,693.3,184.4,0.2659743256887351
C01008,57,792.3,619.5,0.7819007951533511
C01009,49,703.6,503.2,0.7151790790221717
C01010,40,532.6,256.8,0.48216297408937286
C01011,48,628.3,309.6,0.4927582365112208
C01012,63,917.3,324.5,0.353755587048948
C01013,44,598.8,382.90000000000003,0.6394455577822312
C01014,60,893.4,500.8,0.560555182449071
C01015,49,679.6,527.7,0.7764861683343144
C01016,44,564.1,392.5,0.6957986172664421
C01017,59,855.7,147.6,0.17249035877059715
C01018,52,714.1,468.2,0.6556504691219717
C01019,50,676.7,426.7,0.6305600709324664
C01020,57,854.0,517.4,0.6058548009367681
C01021,46,675.2,424.6,0.628850710900474
C01022,53,688.0,464.2,0.6747093023255814
C01023,48,690.1,414.9,0.6012172148963918
C01024,61,811.6,503.9,0.6208723509117792
C01025,51,709.8,526.1,0.7411947027331643
C01026,43,623.0,117.6,0.1887640449438202
C01027,47,656.0,284.7,0.43399390243902436
C01028,49,699.0,169.5,0.24248927038626608
C01029,47,682.7,258.3,0.3783506664713637
C01030,43,593.4,241.8,0.40748230535894847
C01031,46,669.9,497.9,0.7432452604866397
C01032,53,785.4,182.0,0.23172905525846704
C01033,50,720.5,505.0,0.7009021512838307
C01034,48,672.3,376.4,0.559869106053845
C01035,39,587.3,329.3,0.5607015154095012
C01036,50,697.7,345.8,0.49562849362190053
C01037,47,639.9,377.6,0.590092201906548
C01038,52,680.2,195.4,0.2872684504557483
C01039,57,816.8,607.0,0.7431439764936337
C01040,53,712.5,232.4,0.32617543859649123
C01041,50,656.0,408.8,0.6231707317073171
C01042,65,950.6,397.2,0.4178413633494635
C01043,61,854.0,477.6,0.5592505854800937
C01044,52,703.7,372.6,0.5294869972999858
C01045,52,749.9,288.2,0.3843179090545406
C01046,46,666.3,353.0,0.5297913852618941
C01047,41,574.8,387.1,0.6734516353514267
C01048,42,562.3,319.5,0.5682020273875156
C01049,38,504.7,262.7,0.5205072320190212
C01050,44,613.9,370.0,0.602704023456589
C01051,40,548.4,311.2,0.5674690007293947
C01052,62,847.5,611.2,0.7211799410029499
C01053,53,665.2,424.7,0.6384546001202646
C01054,46,661.5,304.4,0.46016628873771726
C01055,50,652.7,382.5,0.5860272713344569
C01056,48,628.6,479.2,0.7623289850461342
C01057,55,695.5,476.8,0.685549964054637
C01058,50,720.2,432.6,0.6006664815329075
C01059,42,593.0,219.3,0.369814502529511
C01060,40,571.7,229.8,0.40195906944201504
C01061,56,795.1,480.5,0.6043264998113445
C01062,53,724.7,484.3,0.6682765282185732
C01063,50,708.7,311.8,0.43996049103993223
C01064,49,689.1,514.2,0.7461906835002177
C01065,55,756.0,475.0,0.6283068783068783
C01066,55,775.9,549.7,0.7084675860291275
C01067,54,784.7,485.2,0.6183254747037084
C01068,55,804.3,468.6,0.5826184259604625
C01069,49,711.5,568.9,0.7995783555867885
C01070,48,664.0,417.7,0.629066265060241
C01071,39,529.1,194.7,0.36798336798336795
C01072,39,525.0,387.4,0.7379047619047618
C01073,35,483.0,322.3,0.667287784679089
C01074,54,767.5,389.8,0.5078827361563518
C01075,40,538.8,396.3,0.7355233853006682
C01076,44,643.9,183.5,0.28498214008386397
C01077,56,753.8,519.8,0.6895728309896524
C01078,42,625.2,350.5,0.5606206014075495
C01079,45,654.7,519.4,0.7933404612799755
C01080,53,718.7,294.4,0.4096284958953666
C01081,43,645.0,414.5,0.6426356589147287
C01082,46,602.6,155.9,0.25871224692997014
C01083,59,860.9,530.7,0.6164479033569521
C01084,45,587.9,441.8,0.7514883483585645
C01085,54,725.7,533.6,0.7352900647650544
C01086,46,676.2,528.1,0.7809819580005916
C01087,50,693.5,201.0,0.2898341744772891
C01088,61,826.5,393.0,0.47549909255898365
C01089,48,684.5,462.3,0.6753834915997078
C01090,66,875.8,453.5,0.5178122859100251
C01091,51,718.2,386.1,0.537593984962406
C01092,50,720.0,509.2,0.7072222222222222
C01093,48,658.2,377.5,0.5735338802795502
C01094,49,657.9,154.6,0.23499012007903936
C01095,58,835.4,657.3,0.7868087143883169
C01096,50,713.6,244.39999999999998,0.3424887892376681
C01097,53,766.0,513.5,0.6703655352480418
C01098,57,789.8,381.90000000000003,0.48354013674347945
C01099,52,669.9,427.9,0.638752052545156
C01100,49,710.8,375.1,0.5277152504220597
C01101,52,779.8,545.7,0.6997948191844063
C01102,41,539.4,432.9,0.8025583982202447
C01103,55,796.6,569.8,0.7152899824253075
C01104,57,857.4,714.0,0.8327501749475158
C01105,49,713.8,436.8,0.6119361165592604
C01106,49,739.9,486.4,0.6573861332612515
C01107,40,620.9,429.5,0.6917377999677887
C01108,49,763.9,136.1,0.17816468124100013
C01109,50,699.2,576.3,0.8242276887871852
C01110,52,756.2,392.4,0.518910341179582
C01111,51,696.6,403.7,0.5795291415446454
C01112,54,714.4,196.4,0.27491601343784994
C01113,52,739.5,215.9,0.29195402298850576
C01114,47,647.2,451.5,0.6976205191594561
C01115,48,650.1,289.3,0.4450084602368866
C01116,56,788.6,691.0,0.8762363682475273
C01117,50,675.2,506.3,0.7498518957345971
C01118,47,635.0,262.0,0.4125984251968504
C01119,55,746.9,411.1,0.5504083545320659
C01120,40,542.3,337.8,0.622902452517057
C01121,45,599.8,375.8,0.626542180726909
C01122,50,706.4,227.0,0.3213476783691959
C01123,47,654.8,505.7,0.7722968845448992
C01124,55,786.8,577.2,0.7336044738179971
C01125,52,761.7,365.6,0.47997899435473285
C01126,46,644.7,268.8,0.41693811074918563
C01127,62,892.4,620.0,0.6947557149260422
C01128,32,458.2,301.0,0.6569183762549106
C01129,55,776.3,539.1,0.6944480226716476
C01130,42,576.2,85.1,0.14769177368969105
C01131,52,735.2,536.2,0.7293253536452666
C01132,53,795.7,491.4,0.6175694357169786
C01133,48,683.8,395.8,0.5788242176074876
C01134,38,504.3,345.1,0.6843148919294071
C01135,44,581.4,435.3,0.7487100103199175
C01136,55,757.3,417.5,0.5513006734451341
C01137,47,682.4,527.4,0.7728604923798359
C01138,51,733.0,297.3,0.405593451568895
C01139,44,654.9,470.3,0.7181249045655825
C01140,53,741.8,351.1,0.4733081693178755
C01141,64,858.1,582.5,0.678825311735229
C01142,41,567.9,297.4,0.5236837471385807
C01143,56,782.7,345.59999999999997,0.44154848600996544
C01144,60,795.7,595.6,0.748523312806334
C01145,67,951.9,178.2,0.18720453829183736
C01146,53,753.7,341.4,0.45296537083720306
C01147,46,599.0,430.2,0.7181969949916527
C01148,51,691.4,442.7,0.640295053514608
C01149,48,743.0,450.1,0.6057873485868103
C01150,44,596.6,531.6,0.8910492792490781
C01151,35,505.5,254.20000000000002,0.502868447082097
C01152,53,753.6,108.1,0.14344479830148618
C01153,48,666.8,386.8,0.5800839832033594
C01154,53,721.7,642.9,0.8908133573506997
C01155,53,736.7,416.5,0.5653590335278946
C01156,54,786.8,628.7,0.7990594814438232
C01157,58,854.4,578.0,0.676498127340824
C01158,62,902.0,594.8,0.6594235033259424
C01159,52,720.8,366.0,0.5077691453940066
C01160,49,731.9,540.3,0.7382156032244842
C01161,44,596.8,438.6,0.7349195710455765
C01162,42,560.7,275.0,0.49045835562689494
C01163,60,808.2,270.1,0.3341994555803019
C01164,66,978.4,469.5,0.47986508585445625
C01165,52,735.1,535.3,0.7282002448646442
C01166,48,666.6,578.8,0.8682868286828682
C01167,58,780.3,536.0,0.6869152889914136
C01168,46,637.2,420.7,0.6602322661644695
C01169,48,681.6,501.3,0.735475352112676
C01170,49,658.5,499.7,0.7588458618071374
C01171,45,668.7,345.2,0.5162255121878271
C01172,55,754.7,556.2,0.7369815820855969
C01173,39,568.0,206.0,0.3626760563380282
C01174,53,756.8,536.8,0.7093023255813953
C01175,54,730.0,454.6,0.6227397260273972
C01176,66,972.3,447.0,0.4597346497994446
C01177,44,603.1,432.5,0.7171281711159011
C01178,45,606.4,339.0,0.5590369393139842
C01179,45,605.6,467.1,0.7713011889035667
C01180,54,748.7,497.7,0.6647522372111659
C01181,54,773.8,448.4,0.5794779012664771
C01182,54,765.1,566.0,0.739772578747876
C01183,46,593.1,384.6,0.648457258472433
C01184,49,702.7,311.6,0.44343247474028746
C01185,56,804.3,339.4,0.42198184756931495
C01186,49,761.6,326.7,0.42896533613445376
C01187,53,748.3,529.3,0.707336629693973
C01188,60,807.9,599.3,0.7417997276890704
C01189,44,566.7,422.7,0.7458973001588141
C01190,51,759.6,535.3,0.7047130068457081
C01191,48,668.9,409.6,0.6123486320825235
C01192,49,692.7,294.4,0.4250036090659737
C01193,47,626.8,382.4,0.6100829610721124
C01194,56,805.6,402.6,0.4997517378351539
C01195,54,740.1,348.0,0.47020672882042963
C01196,54,819.7,217.4,0.26521898255459314
C01197,41,550.0,176.0,0.32
C01198,49,632.5,390.40000000000003,0.6172332015810277
C01199,38,516.5,137.5,0.26621490803484993
C01200,59,878.7,693.3,0.7890064868555821
